{"cameraMode":{"drawMode":0,"name":"Shaded","section":"Shading Mode"},"sceneLighting":true,"audioPlay":false,"sceneViewState":{"m_AlwaysRefresh":false,"showFog":true,"showSkybox":true,"showFlares":true,"showImageEffects":true,"showParticleSystems":true,"showVisualEffectGraphs":true,"m_FxEnabled":true},"in2DMode":false,"pivot":{"x":550.9410400390625,"y":755.7132568359375,"z":175.88043212890626},"rotation":{"x":0.0029994254000484945,"y":0.01949867606163025,"z":-0.00005849619992659427,"w":0.9998052716255188},"size":1655.055908203125,"orthographic":true}